period,status,rep_id,rep_name,currency,line_type,line_key,event_id,original_event_id,event_date,contract_id,original_period,plan_id,plan_version,split_pct,credited,credit_reversed,below_threshold_portion,above_threshold_portion,base_rate,accelerator_rate,exact_minor_units,amount,explanation
2026-04,CLOSED,REP-AURORA,Aurora (demo rep),SGD,EARNING,EARNING:E-2026-0401:REP-AURORA,E-2026-0401,,2026-04-06,C-1001,2026-04,CASH-STD,1,100.00,10000.00,0.00,10000.00,0.00,5.00,8.00,50000,500.00,"Credited SGD 10,000.00 (100.00% split of SGD 10,000.00); attainment SGD 0.00 -> SGD 10,000.00 vs threshold SGD 10,000.00: SGD 10,000.00 up to threshold @ 5.00% = exact 50000 minor units -> SGD 500.00 (half-up once; plan CASH-STD v1)."
2026-04,CLOSED,REP-CEDAR,Cedar (demo rep),USD,EARNING,EARNING:E-2026-0402:REP-CEDAR,E-2026-0402,,2026-04-14,C-1003,2026-04,CASH-STD,1,60.00,7407.40,0.00,7407.40,0.00,5.00,8.00,37037,370.37,"Credited USD 7,407.40 (60.00% split of USD 12,345.67); attainment USD 0.00 -> USD 7,407.40 vs threshold USD 10,000.00: USD 7,407.40 up to threshold @ 5.00% = exact 37037 minor units -> USD 370.37 (half-up once; plan CASH-STD v1)."
2026-04,CLOSED,REP-DELTA,Delta (demo rep),USD,EARNING,EARNING:E-2026-0402:REP-DELTA,E-2026-0402,,2026-04-14,C-1003,2026-04,CASH-STD,1,40.00,4938.27,0.00,4938.27,0.00,5.00,8.00,24691.35,246.91,"Credited USD 4,938.27 (40.00% split of USD 12,345.67); attainment USD 0.00 -> USD 4,938.27 vs threshold USD 10,000.00: USD 4,938.27 up to threshold @ 5.00% = exact 24691.35 minor units -> USD 246.91 (half-up once; plan CASH-STD v1)."
2026-04,CLOSED,REP-BIRCH,Birch (demo rep),SGD,EARNING,EARNING:E-2026-0403:REP-BIRCH,E-2026-0403,,2026-04-15,C-1004,2026-04,CASH-STD,1,100.00,4000.00,0.00,4000.00,0.00,5.00,8.00,20000,200.00,"Credited SGD 4,000.00 (100.00% split of SGD 4,000.00); attainment SGD 0.00 -> SGD 4,000.00 vs threshold SGD 10,000.00: SGD 4,000.00 up to threshold @ 5.00% = exact 20000 minor units -> SGD 200.00 (half-up once; plan CASH-STD v1)."
2026-04,CLOSED,REP-AURORA,Aurora (demo rep),SGD,EARNING,EARNING:E-2026-0404:REP-AURORA,E-2026-0404,,2026-04-20,C-1002,2026-04,CASH-STD,1,100.00,2000.00,0.00,0.00,2000.00,5.00,8.00,16000,160.00,"Credited SGD 2,000.00 (100.00% split of SGD 2,000.00); attainment SGD 10,000.00 -> SGD 12,000.00 vs threshold SGD 10,000.00: SGD 2,000.00 above threshold @ 8.00% = exact 16000 minor units -> SGD 160.00 (half-up once; plan CASH-STD v1)."
2026-04,CLOSED,REP-CEDAR,Cedar (demo rep),USD,EARNING,EARNING:E-2026-0405:REP-CEDAR,E-2026-0405,,2026-04-24,C-1005,2026-04,CASH-STD,1,100.00,5000.00,0.00,2592.60,2407.40,5.00,8.00,32222.2,322.22,"Credited USD 5,000.00 (100.00% split of USD 5,000.00); attainment USD 7,407.40 -> USD 12,407.40 vs threshold USD 10,000.00: USD 2,592.60 up to threshold @ 5.00% + USD 2,407.40 above threshold @ 8.00% = exact 32222.2 minor units -> USD 322.22 (half-up once; plan CASH-STD v1)."

period,status,rep_id,rep_name,currency,credited_collections,commission_earned,clawbacks,late_adjustments,manual_adjustments,expected_payout
2026-04,CLOSED,REP-AURORA,Aurora (demo rep),SGD,12000.00,660.00,0.00,0.00,0.00,660.00
2026-04,CLOSED,REP-BIRCH,Birch (demo rep),SGD,4000.00,200.00,0.00,0.00,0.00,200.00
2026-04,CLOSED,REP-CEDAR,Cedar (demo rep),USD,12407.40,692.59,0.00,0.00,0.00,692.59
2026-04,CLOSED,REP-DELTA,Delta (demo rep),USD,4938.27,246.91,0.00,0.00,0.00,246.91

meta,closed_at,2026-09-26T20:17:10Z
meta,engine_version,rcw-engine/1.0
meta,integrity_verified,true
meta,prepared_by,analyst-1
meta,result_digest,03e31555ff0bb8650c04ffc3a158616601c5b85047d4bb5141b5d7b0efb810f2
meta,reviewed_by,manager-1
meta,run_id,1
meta,snapshot_sha256,3bf0b99f4395deb880491d3df1aedfb14b711b4208a0f9c2cc093917f0175bfe
meta,disclaimer,"Synthetic demo. Commission is an invented cash-based policy, not revenue recognition. No payment executed."
